{
  "phase": 4,
  "L": 128,
  "use_meta": true,
  "seed": 42,
  "best_val_macro_f1": 0.635815559939753,
  "test_acc": 0.635509138381201,
  "test_macro_f1": 0.631283791239104,
  "n_params": 3405357,
  "device": "mps",
  "em_mean": 0.04244800833985209,
  "mo_mean": 0.26660173560182254,
  "ne_mean": 0.19051294829696416
}