{
  "phase": 3,
  "L": 128,
  "use_meta": true,
  "seed": 42,
  "best_val_macro_f1": 0.6217752442641304,
  "test_acc": 0.6328981723237598,
  "test_macro_f1": 0.6326060384099703,
  "n_params": 2023522,
  "device": "mps"
}