{
  "phase": 3,
  "L": 512,
  "use_meta": true,
  "seed": 42,
  "best_val_macro_f1": 0.6015626682998885,
  "test_acc": 0.6062663185378591,
  "test_macro_f1": 0.6062610575549142,
  "n_params": 4879426,
  "device": "mps"
}